<?xml version="1.0" encoding="UTF-8"?>
<beans:beans xmlns="http://www.springframework.org/schema/mvc"
	xmlns:xsi="http://www.w3.org/2001/XMLSchema-instance"
	xmlns:beans="http://www.springframework.org/schema/beans"
	xmlns:context="http://www.springframework.org/schema/context"
	xmlns:webflow="http://www.springframework.org/schema/webflow-config"
	xsi:schemaLocation="http://www.springframework.org/schema/mvc https://www.springframework.org/schema/mvc/spring-mvc.xsd
		http://www.springframework.org/schema/beans https://www.springframework.org/schema/beans/spring-beans.xsd
		http://www.springframework.org/schema/webflow-config http://www.springframework.org/schema/webflow-config/spring-webflow-config.xsd
		http://www.springframework.org/schema/context https://www.springframework.org/schema/context/spring-context.xsd">

	<!-- DispatcherServlet Context: defines this servlet's request-processing infrastructure -->
	
	<!-- Enables the Spring MVC @Controller programming model -->
	<annotation-driven enable-matrix-variables="true"/>

	<!-- Handles HTTP GET requests for /resources/** by efficiently serving up static resources in the ${webappRoot}/resources directory -->
	<resources mapping="/resources/**" location="/resources/" />

	<!-- Resolves views selected for rendering by @Controllers to .jsp resources in the /WEB-INF/views directory -->
	<beans:bean class="org.springframework.web.servlet.view.InternalResourceViewResolver">
		<beans:property name="prefix" value="/WEB-INF/views/" />
		<beans:property name="suffix" value=".jsp" />
	</beans:bean>
	
	<context:component-scan base-package="com.carshop.*" />
	
	<beans:bean id="multipartResolver"
		class="org.springframework.web.multipart.commons.CommonsMultipartResolver">
		<beans:property name="maxUploadSize" value="10240000"/>	
	</beans:bean>
	
	<!-- 업로드 패스 설정 -->
	<beans:bean class="java.lang.String" id="uploadPath">
		<beans:constructor-arg
			value="C:\develop\spring\CarShop\src\main\webapp\resources" />
	</beans:bean>
		    <!--value="C:\develop\spring\.metadata\.plugins\org.eclipse.wst.server.core\tmp0\wtpwebapps\CarShop\resource" />-->
	<!-- 일반 파일 업로드 경로 -->
	<!-- <resources mapping="\images\**" location="\resources\images\" /> -->
	
	
	
	<webflow:flow-registry id="flowRegistry">
	      <webflow:flow-location path="/WEB-INF/flows/order/order-flow.xml" id="order"/>
	      <webflow:flow-location path="/WEB-INF/flows/ftest/ftest-flow.xml" id="ftest"/>
	   </webflow:flow-registry>

	
	
	<webflow:flow-executor id="flowExecutor" flow-registry="flowRegistry" />

   <beans:bean id="flowHandlerMapping" 
        class="org.springframework.webflow.mvc.servlet.FlowHandlerMapping">
      <beans:property name="flowRegistry" ref="flowRegistry" />
   </beans:bean>

 	<beans:bean id="flowHandlerAdapter" class="org.springframework.webflow.mvc.servlet.FlowHandlerAdapter">
      <beans:property name="flowExecutor" ref="flowExecutor" />
   </beans:bean>
	
	
	
	<beans:bean id="tilesViewResolver"
	             class="org.springframework.web.servlet.view.UrlBasedViewResolver">
        <beans:property name="viewClass" 
                 value="org.springframework.web.servlet.view.tiles3.TilesView"/>
        <beans:property name="order" value="1"/>
    </beans:bean>
	
	
	<beans:bean id="tilesConfigurer" 
                class="org.springframework.web.servlet.view.tiles3.TilesConfigurer">
        <beans:property name="definitions" value="/WEB-INF/tiles/tiles.xml"/>
    </beans:bean>
    
    
</beans:beans>







