<?xml version="1.0" encoding="UTF-8"?>
<beans:beans
    xmlns="http://www.springframework.org/schema/security"
    xmlns:beans="http://www.springframework.org/schema/beans"
    xmlns:xsi="http://www.w3.org/2001/XMLSchema-instance"
    xsi:schemaLocation="http://www.springframework.org/schema/beans
 http://www.springframework.org/schema/beans/spring-beans.xsd
 http://www.springframework.org/schema/security
 http://www.springframework.org/schema/security/spring-security.xsd">

<!--     <http auto-config="true" 기본 로그인 창 사용시 use-expressions="true">  -->
    <http auto-config="true" use-expressions="true"> 
	<intercept-url pattern="/cars/add" access="hasAuthority('ROLE_ADMIN')" />
	<intercept-url pattern="/manager" access="hasRole('ROLE_MANAGER')" />
	<intercept-url pattern="/member" access="isAuthenticated()" />
	<intercept-url pattern="/cart/**" access="isAuthenticated()" />
	<intercept-url pattern="/**" access="permitAll" />
	
 	<form-login login-page="/login"
				default-target-url="/"
				authentication-failure-url="/loginfailed"
				username-parameter="username"
				password-parameter="password" />
	<csrf />
	<logout logout-success-url="/logout" />
    </http> 

    <authentication-manager> 
        <authentication-provider>
            <user-service>

			<user name="admin" password="{noop}0000" authorities="ROLE_ADMIN, ROLE_USER"/>
			<user name="manager" password="{noop}manager" authorities="ROLE_MANAGER, ROLE_USER"/>
			<user name="guest" password="{noop}guest" authorities="ROLE_USER"/>


            </user-service>
        </authentication-provider>
    </authentication-manager>
</beans:beans>

