<?xml version="1.0" encoding="UTF-8" ?>
<!DOCTYPE tiles-definitions PUBLIC "-//Apache Software Foundation//DTD  Tiles Configuration 3.0//EN" 
"http://tiles.apache.org/dtds/tiles-config_3_0.dtd">

<tiles-definitions>
    <definition name="base-Template" template="/WEB-INF/tiles/layout/baseLayout.jsp">  
        <put-attribute name="title" value="Sample Title" />
        <put-attribute name="heading" value="" />
        <put-attribute name="subheading" value="" />
        <put-attribute name="menu" value="/WEB-INF/tiles/template/header.jsp" />
        <put-attribute name="content" value="" />
        <put-attribute name="footer" value="/WEB-INF/tiles/template/footer.jsp"/>
    </definition> 
    
    <definition name="main" extends="base-Template"> 
        <put-attribute name="title" value="Welcome" />
        <put-attribute name="heading" value="자동차 쇼핑몰" />
        <put-attribute name="subheading" value="Welcome to CarShop" />
        <put-attribute name="content" value="/WEB-INF/views/main.jsp" />
    </definition>

    <definition name="cars" extends="base-Template">
        <put-attribute name="title" value="Cars" />
        <put-attribute name="heading" value="제품 목록" />
        <put-attribute name="subheading" value="Car List" />
        <put-attribute name="content" value="/WEB-INF/views/cars.jsp" />
    </definition>

    <definition name="car" extends="base-Template">
        <put-attribute name="title" value="Car" />
        <put-attribute name="heading" value="제품 정보" />
        <put-attribute name="subheading" value="Car Details" />
        <put-attribute name="content" value="/WEB-INF/views/car.jsp" />
    </definition>

    <definition name="addCar" extends="base-Template">
        <put-attribute name="title" value="Cars" />
        <put-attribute name="heading" value="차량 등록" />
        <put-attribute name="subheading" value="Book Addition" />
        <put-attribute name="content" value="/WEB-INF/views/addCar.jsp"/>
    </definition>

    <definition name="login" extends="base-Template">
        <put-attribute name="title" value="Login" />
        <put-attribute name="heading" value="로그인" />
        <put-attribute name="subheading" value="Login" />
        <put-attribute name="content" value="/WEB-INF/views/login.jsp" />
    </definition>

    <definition name="cart" extends="base-Template">
        <put-attribute name="title" value="Shpping Cart" />
        <put-attribute name="heading" value="장바구니" />
        <put-attribute name="subheading" value="Shopping Cart" />
        <put-attribute name="content" value="/WEB-INF/views/cart.jsp" />
    </definition>
  
     <definition name="orderCustomerInfo" extends="base-Template">  
        <put-attribute name="title" value="Order" />
        <put-attribute name="heading" value="고객정보" />
        <put-attribute name="subheading" value="Customer Details" />
        <put-attribute name="content" value="/WEB-INF/flows/order/orderCustomerInfo.jsp" />
    </definition>

    <definition name="orderShippingInfo" extends="base-Template">
        <put-attribute name="title" value="Order" />
        <put-attribute name="heading" value="배송정보" />
        <put-attribute name="subheading" value="Shipping Details" />
        <put-attribute name="content" value="/WEB-INF/flows/order/orderShippingInfo.jsp" />
    </definition>

    <definition name="orderConfirmation" extends="base-Template">
        <put-attribute name="title" value="Order" />
        <put-attribute name="heading" value="주문정보" />
        <put-attribute name="subheading" value="Order Confirmation" />
        <put-attribute name="content" value="/WEB-INF/flows/order/orderConfirmation.jsp" />
    </definition>

    <definition name="orderFinished" extends="base-Template">
        <put-attribute name="title" value="Order" />
        <put-attribute name="heading" value="주문 완료" />
         <put-attribute name="subheading" value="Thanks you" />
        <put-attribute name="content" value="/WEB-INF/flows/order/orderFinished.jsp" />
    </definition>

    <definition name="orderCartWarning" extends="base-Template">
        <put-attribute name="title" value="Order" />
        <put-attribute name="heading" value="주문 취소" />
        <put-attribute name="subheading" value="Invalid Cart" />
        <put-attribute name="content" value="/WEB-INF/flows/order/orderCartWarning.jsp" />
    </definition>   
     
</tiles-definitions>